"","scorer","minute","assist","team_ha","team_name","team_id","match_date","match_id"
"1","Russo",48,"Toone","home","Manchester United Women","TFBB14501","2021-09-26","58613147"
"2","Kirby",2,"Kerr","away","Chelsea Women","TFBB6275","2021-09-26","58613147"
"3","Harder",24,NA,"away","Chelsea Women","TFBB6275","2021-09-26","58613147"
"4","Kerr",41,"Kirby","away","Chelsea Women","TFBB6275","2021-09-26","58613147"
"5","Kerr",51,"Kirby","away","Chelsea Women","TFBB6275","2021-09-26","58613147"
"6","Spence",87,"England","away","Chelsea Women","TFBB6275","2021-09-26","58613147"
"7","Fleming",92,NA,"away","Chelsea Women","TFBB6275","2021-09-26","58613147"
"8","Gielnik",48,"Gregory","away","Aston Villa Women","TFBB9673","2021-09-26","58613140"
"9","Naz",85,"Tang","home","Tottenham Hotspur Women","TFBB6924","2021-09-26","58613145"
"10","Yallop",26,"Longhurst","home","West Ham United Women","TFBB636","2021-09-26","58613143"
"11","Walker",38,"Flaherty","home","West Ham United Women","TFBB636","2021-09-26","58613143"
"12","Plumptre",46,NA,"home","West Ham United Women","TFBB636","2021-09-26","58613143"
"13","Levell",81,NA,"home","West Ham United Women","TFBB636","2021-09-26","58613143"
"14","Miedema",10,"Mead","home","Arsenal Women","TFBB6272","2021-09-26","58613139"
"15","Little",23,"Miedema","home","Arsenal Women","TFBB6272","2021-09-26","58613139"
"16","Little",78,NA,"home","Arsenal Women","TFBB6272","2021-09-26","58613139"
"17","McCabe",60,NA,"home","Arsenal Women","TFBB6272","2021-09-26","58613139"
"18","Williamson",94,"Wubben-Moy","home","Arsenal Women","TFBB6272","2021-09-26","58613139"
"19","Maier",13,NA,"home","Everton Women","TFBB6277","2021-09-25","58606466"
"20","Bennison",73,"Duggan","home","Everton Women","TFBB6277","2021-09-25","58606466"
"21","Sevecke",97,"Christiansen","home","Everton Women","TFBB6277","2021-09-25","58606466"
"22","Pennock",32,"Quinn","away","Birmingham City Women","TFBB6273","2021-09-25","58606466"
"23","Kirby",25,"Ji","home","Chelsea Women","TFBB6275","2021-09-12","58451984"
"24","Kerr",47,NA,"home","Chelsea Women","TFBB6275","2021-09-12","58451984"
"25","Kerr",74,"Reiten","home","Chelsea Women","TFBB6275","2021-09-12","58451984"
"26","England",79,NA,"home","Chelsea Women","TFBB6275","2021-09-12","58451984"
"27","Williams",2,NA,"away","Brighton & Hove Albion Women","TFBB9165","2021-09-12","58451985"
"28","Kaagman",46,NA,"away","Brighton & Hove Albion Women","TFBB9165","2021-09-12","58451985"
"29","Carter",50,"Green","away","Brighton & Hove Albion Women","TFBB9165","2021-09-12","58451985"
"30","Koivisto",58,"Kaagman","away","Brighton & Hove Albion Women","TFBB9165","2021-09-12","58451985"
"31","Green",70,"Simpkins","away","Brighton & Hove Albion Women","TFBB9165","2021-09-12","58451985"
"32","McManus",61,NA,"home","Leicester City Women","TFBB12162","2021-09-12","58451987"
"33","Toone",36,"Zelem","away","Manchester United Women","TFBB14501","2021-09-12","58451987"
"34","Thorisdottir",47,NA,"away","Manchester United Women","TFBB14501","2021-09-12","58451987"
"35","Thomas",71,NA,"away","Manchester United Women","TFBB14501","2021-09-12","58451987"
"36","Beattie",17,"McCabe","away","Arsenal Women","TFBB6272","2021-09-12","58451983"
"37","Mead",30,NA,"away","Arsenal Women","TFBB6272","2021-09-12","58451983"
"38","Miedema",32,"Mead","away","Arsenal Women","TFBB6272","2021-09-12","58451983"
"39","Miedema",50,"Mead","away","Arsenal Women","TFBB6272","2021-09-12","58451983"
"40","Hemp",6,"Greenwood","home","Manchester City Women","TFBB9660","2021-09-12","58451986"
"41","Williams",61,"Ubogagu","away","Tottenham Hotspur Women","TFBB6924","2021-09-12","58451986"
"42","Benameur",86,NA,"away","Tottenham Hotspur Women","TFBB6924","2021-09-12","58451986"
"43","Leon",8,"Evans","home","West Ham United Women","TFBB636","2021-09-11","58444980"
"44","Allen",92,"Petzelberger","away","Aston Villa Women","TFBB9673","2021-09-11","58444980"
"45","Miedema",14,"McCabe","home","Arsenal Women","TFBB6272","2021-09-05","58373001"
"46","Mead",49,"Miedema","home","Arsenal Women","TFBB6272","2021-09-05","58373001"
"47","Mead",60,"Iwabuchi","home","Arsenal Women","TFBB6272","2021-09-05","58373001"
"48","Cuthbert",44,"Leupolz","away","Chelsea Women","TFBB6275","2021-09-05","58373001"
"49","Harder",64,"Cuthbert","away","Chelsea Women","TFBB6275","2021-09-05","58373001"
"50","Kaagman",33,NA,"home","Brighton & Hove Albion Women","TFBB9165","2021-09-05","58373000"
"51","Lee",41,NA,"home","Brighton & Hove Albion Women","TFBB9165","2021-09-05","58373000"
"52","Mayling",63,NA,"home","Aston Villa Women","TFBB9673","2021-09-04","58366048"
"53","Allen",64,NA,"home","Aston Villa Women","TFBB9673","2021-09-04","58366048"
"54","Flint",39,"O'Brien","away","Leicester City Women","TFBB12162","2021-09-04","58366048"
"55","Losada",26,NA,"away","Manchester City Women","TFBB9660","2021-09-04","58366049"
"56","Beckie",36,"Greenwood","away","Manchester City Women","TFBB9660","2021-09-04","58366049"
"57","Shaw",38,"Raso","away","Manchester City Women","TFBB9660","2021-09-04","58366049"
"58","Houghton",67,NA,"away","Manchester City Women","TFBB9660","2021-09-04","58366049"
"59","Graham",40,"Percival","home","Tottenham Hotspur Women","TFBB6924","2021-09-04","58366047"
"60","Hanson",39,"Toone","home","Manchester United Women","TFBB14501","2021-09-03","58351961"
"61","Batlle",54,"Toone","home","Manchester United Women","TFBB14501","2021-09-03","58351961"
"62","Harder",83,"Fleming","home","Chelsea Women","TFBB6275","2021-10-10","58777692"
"63","Kirby",94,"Kerr","home","Chelsea Women","TFBB6275","2021-10-10","58777692"
"64","Lee",37,NA,"home","Brighton & Hove Albion Women","TFBB9165","2021-10-10","58777693"
"65","Williams",86,"Symonds","home","Brighton & Hove Albion Women","TFBB9165","2021-10-10","58777693"
"66","Graham",88,NA,"away","Tottenham Hotspur Women","TFBB6924","2021-10-10","58777693"
"67","Eikeland",16,"Rowe","home","Reading Women","TFBB9669","2021-10-10","58777695"
"68","Rowe",19,"Eikeland","home","Reading Women","TFBB9669","2021-10-10","58777695"
"69","Dowie",48,"Rose","home","Reading Women","TFBB9669","2021-10-10","58777695"
"70","McCabe",32,NA,"home","Arsenal Women","TFBB6272","2021-10-10","58777694"
"71","Wubben-Moy",41,"McCabe","home","Arsenal Women","TFBB6272","2021-10-10","58777694"
"72","Maanum",86,NA,"home","Arsenal Women","TFBB6272","2021-10-10","58777694"
"73","Walker",54,"Cissoko","home","West Ham United Women","TFBB636","2021-10-10","58777691"
"74","Quinn",67,NA,"away","Birmingham City Women","TFBB6273","2021-10-10","58777691"
"75","Staniforth",72,"Toone","home","Manchester United Women","TFBB14501","2021-10-09","58771055"
"76","Russo",75,"Blundell","home","Manchester United Women","TFBB14501","2021-10-09","58771055"
"77","Shaw",38,"Stokes","away","Manchester City Women","TFBB9660","2021-10-09","58771055"
"78","White",79,NA,"away","Manchester City Women","TFBB9660","2021-10-09","58771055"
"79","Williams",38,"Neville","away","Tottenham Hotspur Women","TFBB6924","2021-10-03","58667931"
"80","Addison",88,"Williams","away","Tottenham Hotspur Women","TFBB6924","2021-10-03","58667931"
"81","Brynjarsdóttir",39,"Hasegawa","away","West Ham United Women","TFBB636","2021-10-03","58667938"
"82","Hasegawa",94,NA,"away","West Ham United Women","TFBB636","2021-10-03","58667938"
"83","Anvegard",2,NA,"away","Everton Women","TFBB6277","2021-10-03","58667945"
"84","Emslie",38,"Christiansen","away","Everton Women","TFBB6277","2021-10-03","58667945"
"85","Turner",54,NA,"away","Everton Women","TFBB6277","2021-10-03","58667945"
"86","Galton",27,"Blundell","away","Manchester United Women","TFBB14501","2021-10-03","58667952"
"87","Toone",80,"Blundell","away","Manchester United Women","TFBB14501","2021-10-03","58667952"
"88","Reiten",9,"Kirby","home","Chelsea Women","TFBB6275","2021-10-02","58667959"
"89","Kerr",38,"Kirby","home","Chelsea Women","TFBB6275","2021-10-02","58667959"
"90","England",80,"Kirby","home","Chelsea Women","TFBB6275","2021-10-02","58667959"
"91","Carter",48,"Whelan","away","Brighton & Hove Albion Women","TFBB9165","2021-10-02","58667959"
"92","Little",51,"Wubben-Moy","away","Arsenal Women","TFBB6272","2021-10-02","58667924"
"93","Little",92,"Wälti","away","Arsenal Women","TFBB6272","2021-10-02","58667924"
"94","Iwabuchi",80,"Heath","away","Arsenal Women","TFBB6272","2021-10-02","58667924"
"95","McCabe",83,NA,"away","Arsenal Women","TFBB6272","2021-10-02","58667924"
"96","Miedema",48,"McCabe","away","Arsenal Women","TFBB6272","2021-11-21","59278591"
"97","McCabe",57,NA,"away","Arsenal Women","TFBB6272","2021-11-21","59278591"
"98","Kirby",4,NA,"home","Chelsea Women","TFBB6275","2021-11-21","59278594"
"99","Kirby",75,"Kerr","home","Chelsea Women","TFBB6275","2021-11-21","59278594"
"100","Kerr",18,"Fleming","home","Chelsea Women","TFBB6275","2021-11-21","59278594"
"101","Kerr",29,NA,"home","Chelsea Women","TFBB6275","2021-11-21","59278594"
"102","Kerr",44,NA,"home","Chelsea Women","TFBB6275","2021-11-21","59278594"
"103","Magill",81,"Bennison","away","Everton Women","TFBB6277","2021-11-21","59278596"
"104","Dowie",3,NA,"home","Reading Women","TFBB9669","2021-11-21","59278592"
"105","Harries",86,"Vanhaevermaet","home","Reading Women","TFBB9669","2021-11-21","59278592"
"106","Brynjarsdóttir",69,"Walker","home","West Ham United Women","TFBB636","2021-11-21","59278593"
"107","Weir",48,"Hemp","home","Manchester City Women","TFBB9660","2021-11-20","59271429"
"108","Stanway",51,NA,"home","Manchester City Women","TFBB9660","2021-11-20","59271429"
"109","Raso",77,NA,"home","Manchester City Women","TFBB9660","2021-11-20","59271429"
"110","Raso",81,NA,"home","Manchester City Women","TFBB9660","2021-11-20","59271429"
"111","Hemp",78,"Raso","home","Manchester City Women","TFBB9660","2021-11-20","59271429"
"112","Magill",76,NA,"home","Everton Women","TFBB6277","2021-11-14","59195284"
"113","Toone",10,"Thomas","away","Manchester United Women","TFBB14501","2021-11-14","59195284"
"114","Asante",25,"Mayling","away","Aston Villa Women","TFBB9673","2021-11-14","59195286"
"115","Symonds",93,NA,"home","Brighton & Hove Albion Women","TFBB9165","2021-11-14","59195287"
"116","Fleming",2,NA,"away","Chelsea Women","TFBB6275","2021-11-14","59195285"
"117","Kerr",49,"Reiten","away","Chelsea Women","TFBB6275","2021-11-14","59195285"
"118","Kirby",52,"Cuthbert","away","Chelsea Women","TFBB6275","2021-11-14","59195285"
"119","Eriksson",55,"Cuthbert","away","Chelsea Women","TFBB6275","2021-11-14","59195285"
"120","Evans",19,"Svitková","home","West Ham United Women","TFBB636","2021-11-14","59195288"
"121","Fisk",35,"Flaherty","home","West Ham United Women","TFBB636","2021-11-14","59195288"
"122","Stringer",70,NA,"away","Reading Women","TFBB9669","2021-11-14","59195288"
"123","Harries",92,"Rose","away","Reading Women","TFBB9669","2021-11-14","59195288"
"124","Williams",65,NA,"home","Tottenham Hotspur Women","TFBB6924","2021-11-13","59187540"
"125","Miedema",92,"McCabe","away","Arsenal Women","TFBB6272","2021-11-13","59187540"
"126","Percival",95,NA,"home","Tottenham Hotspur Women","TFBB6924","2021-11-07","59107378"
"127","Russo",47,NA,"away","Manchester United Women","TFBB14501","2021-11-07","59107378"
"128","Dowie",47,NA,"away","Reading Women","TFBB9669","2021-11-07","59107379"
"129","Rose",54,"Eikeland","away","Reading Women","TFBB9669","2021-11-07","59107379"
"130","Rose",71,NA,"away","Reading Women","TFBB9669","2021-11-07","59107379"
"131","Sigsworth",1,NA,"home","Leicester City Women","TFBB12162","2021-11-07","59107382"
"132","Weir",24,NA,"away","Manchester City Women","TFBB9660","2021-11-07","59107382"
"133","Walsh",37,NA,"away","Manchester City Women","TFBB9660","2021-11-07","59107382"
"134","Hemp",71,"Stanway","away","Manchester City Women","TFBB9660","2021-11-07","59107382"
"135","Coombs",83,NA,"away","Manchester City Women","TFBB9660","2021-11-07","59107382"
"136","Little",39,"Mead","home","Arsenal Women","TFBB6272","2021-11-07","59107381"
"137","Little",52,"Maritz","home","Arsenal Women","TFBB6272","2021-11-07","59107381"
"138","Mead",61,"Parris","home","Arsenal Women","TFBB6272","2021-11-07","59107381"
"139","Fisk",84,NA,"home","Arsenal Women","TFBB6272","2021-11-07","59107381"
"140","Fleming",22,"Ji","away","Chelsea Women","TFBB6275","2021-11-06","59099948"
"141","Whelan",61,"Carter","away","Brighton & Hove Albion Women","TFBB9165","2021-11-06","59099947"
"142","Toone",8,"Risa","home","Manchester United Women","TFBB14501","2021-12-19","59625560"
"143","Toone",79,NA,"home","Manchester United Women","TFBB14501","2021-12-19","59625560"
"144","Zelem",13,NA,"home","Manchester United Women","TFBB14501","2021-12-19","59625560"
"145","Staniforth",50,"Russo","home","Manchester United Women","TFBB14501","2021-12-19","59625560"
"146","Thomas",73,"Hanson","home","Manchester United Women","TFBB14501","2021-12-19","59625560"
"147","Howard",18,"Pike","home","Leicester City Women","TFBB12162","2021-12-19","59625559"
"148","Tierney",74,"Pike","home","Leicester City Women","TFBB12162","2021-12-19","59625559"
"149","Naz",51,"Williams","home","Tottenham Hotspur Women","TFBB6924","2021-12-19","59625558"
"150","Ladd",46,"Batlle","away","Manchester United Women","TFBB14501","2021-12-12","59536722"
"151","Risa",69,"Russo","away","Manchester United Women","TFBB14501","2021-12-12","59536722"
"152","Duggan",76,"Sevecke","home","Everton Women","TFBB6277","2021-12-12","59536721"
"153","Wyne",40,"Svitková","away","West Ham United Women","TFBB636","2021-12-12","59536721"
"154","Murray",28,NA,"home","Birmingham City Women","TFBB6273","2021-12-12","59536715"
"155","Quinn",39,"Holloway","home","Birmingham City Women","TFBB6273","2021-12-12","59536715"
"156","Stanway",34,"Weir","away","Manchester City Women","TFBB9660","2021-12-12","59536715"
"157","Hemp",44,"Raso","away","Manchester City Women","TFBB9660","2021-12-12","59536715"
"158","White",89,"Shaw","away","Manchester City Women","TFBB9660","2021-12-12","59536715"
"159","Allen",19,"Lehmann","home","Aston Villa Women","TFBB9673","2021-12-12","59536716"
"160","Simon",29,NA,"away","Tottenham Hotspur Women","TFBB6924","2021-12-12","59536716"
"161","Williams",68,"Naz","away","Tottenham Hotspur Women","TFBB6924","2021-12-12","59536716"
"162","Nobbs",22,"Miedema","home","Arsenal Women","TFBB6272","2021-12-12","59536719"
"163","Miedema",34,"Parris","home","Arsenal Women","TFBB6272","2021-12-12","59536719"
"164","Maanum",81,"Nobbs","home","Arsenal Women","TFBB6272","2021-12-12","59536719"
"165","Maanum",83,"Catley","home","Arsenal Women","TFBB6272","2021-12-12","59536719"
"166","Rose",4,"Harries","home","Reading Women","TFBB9669","2021-12-11","59529633"
"167","Miedema",55,"Mead","home","Arsenal Women","TFBB6272","2022-01-27","59625561"
"168","Mead",60,NA,"home","Arsenal Women","TFBB6272","2022-01-27","59625561"
"169","Koivisto",15,"Kaagman","away","Brighton & Hove Albion Women","TFBB9165","2022-01-27","59625561"
"170","England",51,NA,"home","Chelsea Women","TFBB6275","2022-01-26","59625557"
"171","Cuthbert",82,"Kirby","home","Chelsea Women","TFBB6275","2022-01-26","59625557"
"172","Risa",38,"Zelem","home","Manchester United Women","TFBB14501","2022-01-23","60012724"
"173","Ladd",42,"Toone","home","Manchester United Women","TFBB14501","2022-01-23","60012724"
"174","Galton",62,"Thomas","home","Manchester United Women","TFBB14501","2022-01-23","60012724"
"175","Hampton",76,NA,"home","Leicester City Women","TFBB12162","2022-01-23","60012727"
"176","Pike",4,NA,"away","Aston Villa Women","TFBB9673","2022-01-23","60012727"
"177","Lehmann",93,NA,"away","Aston Villa Women","TFBB9673","2022-01-23","60012727"
"178","Vanhaevermaet",49,"Woodham","home","Reading Women","TFBB9669","2022-01-23","60012725"
"179","Dowie",48,NA,"home","Reading Women","TFBB9669","2022-01-23","60012725"
"180","Harries",55,"Rose","home","Reading Women","TFBB9669","2022-01-23","60012725"
"181","Lawley",3,"Quinn","away","Birmingham City Women","TFBB6273","2022-01-23","60012725"
"182","Pennock",36,"Smith","away","Birmingham City Women","TFBB6273","2022-01-23","60012725"
"183","Svitková",41,"Evans","home","West Ham United Women","TFBB636","2022-01-23","60012726"
"184","Brynjarsdóttir",57,NA,"home","West Ham United Women","TFBB636","2022-01-23","60012726"
"185","Walker",86,"Snerle","home","West Ham United Women","TFBB636","2022-01-23","60012726"
"186","Shaw",65,"Hemp","home","Manchester City Women","TFBB9660","2022-01-23","60012732"
"187","Heath",92,NA,"away","Arsenal Women","TFBB6272","2022-01-23","60012732"
"188","O'Brien",54,"Sigsworth","home","Leicester City Women","TFBB12162","2022-01-16","59925821"
"189","Ayane",54,NA,"home","Tottenham Hotspur Women","TFBB6924","2022-01-16","59925825"
"190","Longhurst",92,"Brynjarsdóttir","away","West Ham United Women","TFBB636","2022-01-16","59925825"
"191","Zelem",12,"Galton","home","Manchester United Women","TFBB14501","2022-01-15","59918913"
"192","Galton",16,NA,"home","Manchester United Women","TFBB14501","2022-01-15","59918913"
"193","Galton",18,"Toone","home","Manchester United Women","TFBB14501","2022-01-15","59918913"
"194","Ramsey",45,NA,"home","Manchester United Women","TFBB14501","2022-01-15","59918913"
"195","Russo",71,"Blundell","home","Manchester United Women","TFBB14501","2022-01-15","59918913"
"196","Stanway",5,"White","away","Manchester City Women","TFBB9660","2022-01-15","59918911"
"197","Stanway",75,"Shaw","away","Manchester City Women","TFBB9660","2022-01-15","59918911"
"198","Losada",41,"White","away","Manchester City Women","TFBB9660","2022-01-15","59918911"
"199","Williams",48,NA,"away","Manchester City Women","TFBB9660","2022-01-09","59850011"
"200","Hemp",50,"Greenwood","away","Manchester City Women","TFBB9660","2022-01-09","59850011"
"201","Stanway",51,NA,"away","Manchester City Women","TFBB9660","2022-01-09","59850011"
"202","Coombs",55,NA,"away","Manchester City Women","TFBB9660","2022-01-09","59850011"
"203","Raso",73,"White","away","Manchester City Women","TFBB9660","2022-01-09","59850011"
"204","Losada",76,"Mace","away","Manchester City Women","TFBB9660","2022-01-09","59850011"
"205","Smith",3,"Quinn","home","Birmingham City Women","TFBB6273","2022-01-09","59850010"
"206","Sarri",42,"Finn","home","Birmingham City Women","TFBB6273","2022-01-09","59850010"
"207","Dowie",11,"Vanhaevermaet","home","Reading Women","TFBB9669","2022-01-09","59850008"
"208","Weir",81,NA,"home","Manchester City Women","TFBB9660","2022-02-13","60276453"
"209","Gielnik",17,"Scott","away","Aston Villa Women","TFBB9673","2022-02-13","60276454"
"210","Petzelberger",23,"Lehmann","away","Aston Villa Women","TFBB9673","2022-02-13","60276454"
"211","Neville",66,NA,"away","Tottenham Hotspur Women","TFBB6924","2022-02-13","60276448"
"212","Percival",85,NA,"away","Tottenham Hotspur Women","TFBB6924","2022-02-13","60276448"
"213","Green",20,"Connolly","home","Brighton & Hove Albion Women","TFBB9165","2022-02-13","60276452"
"214","Green",52,"Brazil","home","Brighton & Hove Albion Women","TFBB9165","2022-02-13","60276452"
"215","Whelan",61,NA,"home","Brighton & Hove Albion Women","TFBB9165","2022-02-13","60276452"
"216","Koivisto",68,NA,"home","Brighton & Hove Albion Women","TFBB9165","2022-02-13","60276452"
"217","Eikeland",88,"Harries","away","Reading Women","TFBB9669","2022-02-13","60276452"
"218","Flint",2,NA,"home","Leicester City Women","TFBB12162","2022-02-13","60276451"
"219","Plumptre",9,"Purfield","home","Leicester City Women","TFBB12162","2022-02-13","60276451"
"220","Gregory",50,"O'Brien","home","Leicester City Women","TFBB12162","2022-02-13","60276451"
"221","Reiten",14,"Carter","home","Chelsea Women","TFBB6275","2022-02-06","60186291"
"222","Anvegård",5,"Emslie","home","Everton Women","TFBB6277","2022-02-06","60186294"
"223","Dowie",74,"Troelsgaard","away","Reading Women","TFBB9669","2022-02-06","60186294"
"224","Primmer",88,NA,"away","Reading Women","TFBB9669","2022-02-06","60186294"
"225","Quinn",85,"Sarri","home","Birmingham City Women","TFBB6273","2022-02-06","60186290"
"226","Sigsworth",29,NA,"away","Leicester City Women","TFBB12162","2022-02-06","60186290"
"227","Purfield",37,NA,"away","Leicester City Women","TFBB12162","2022-02-06","60186290"
"228","Simon",12,"Bartrip","home","Tottenham Hotspur Women","TFBB6924","2022-02-06","60186299"
"229","Simon",63,"Neville","home","Tottenham Hotspur Women","TFBB6924","2022-02-06","60186299"
"230","Neville",57,"Percival","home","Tottenham Hotspur Women","TFBB6924","2022-02-06","60186299"
"231","Zadorsky",62,NA,"home","Tottenham Hotspur Women","TFBB6924","2022-02-06","60186299"
"232","Lehmann",42,NA,"home","Aston Villa Women","TFBB9673","2022-02-06","60186302"
"233","Stringer",12,NA,"away","West Ham United Women","TFBB636","2022-02-06","60186302"
"234","Svitková",52,NA,"away","West Ham United Women","TFBB636","2022-02-06","60186302"
"235","Blackstenius",79,"Miedema","home","Arsenal Women","TFBB6272","2022-02-05","60178942"
"236","Russo",10,"Zelem","away","Manchester United Women","TFBB14501","2022-02-05","60178942"
"237","Russo",35,"Batlle","home","Manchester United Women","TFBB14501","2022-03-27","60810508"
"238","Russo",84,"Zelem","home","Manchester United Women","TFBB14501","2022-03-27","60810508"
"239","Zelem",54,NA,"home","Manchester United Women","TFBB14501","2022-03-27","60810508"
"240","Emslie",4,"Dali","away","Everton Women","TFBB6277","2022-03-27","60810508"
"241","Reiten",3,NA,"away","Chelsea Women","TFBB6275","2022-03-27","60810511"
"242","Reiten",50,"Ji","away","Chelsea Women","TFBB6275","2022-03-27","60810511"
"243","Kerr",5,NA,"away","Chelsea Women","TFBB6275","2022-03-27","60810511"
"244","Kerr",47,"England","away","Chelsea Women","TFBB6275","2022-03-27","60810511"
"245","England",7,"Kerr","away","Chelsea Women","TFBB6275","2022-03-27","60810511"
"246","England",28,NA,"away","Chelsea Women","TFBB6275","2022-03-27","60810511"
"247","Nouwen",11,"England","away","Chelsea Women","TFBB6275","2022-03-27","60810511"
"248","James",88,"Charles","away","Chelsea Women","TFBB6275","2022-03-27","60810511"
"249","Fleming",90,"Spence","away","Chelsea Women","TFBB6275","2022-03-27","60810511"
"250","Whelan",3,"Kaagman","away","Brighton & Hove Albion Women","TFBB9165","2022-03-27","60810510"
"251","Kaagman",81,NA,"away","Brighton & Hove Albion Women","TFBB9165","2022-03-27","60810510"
"252","Petzelberger",76,"Blindkilde-Browne","home","Aston Villa Women","TFBB9673","2022-03-26","60803634"
"253","Vanhaevermaet",69,NA,"away","Reading Women","TFBB9669","2022-03-26","60803634"
"254","Magill",25,NA,"home","Manchester City Women","TFBB9660","2022-03-23","60542787"
"255","White",32,"Bronze","home","Manchester City Women","TFBB9660","2022-03-23","60542787"
"256","Greenwood",84,"Coombs","home","Manchester City Women","TFBB9660","2022-03-23","60542787"
"257","Coombs",85,"Shaw","home","Manchester City Women","TFBB9660","2022-03-23","60542787"
"258","Kerr",7,"Ingle","away","Chelsea Women","TFBB6275","2022-03-16","59925824"
"259","Reiten",15,"Fleming","away","Chelsea Women","TFBB6275","2022-03-16","59925824"
"260","Cuthbert",29,"Fleming","away","Chelsea Women","TFBB6275","2022-03-16","59925824"
"261","Stokes",73,"Hemp","home","Manchester City Women","TFBB9660","2022-03-16","59625562"
"262","Hemp",84,NA,"home","Manchester City Women","TFBB9660","2022-03-16","59625562"
"263","Fisk",93,"Svitková","home","West Ham United Women","TFBB636","2022-03-16","59850007"
"264","Toone",54,NA,"away","Manchester United Women","TFBB14501","2022-03-16","59850007"
"265","Weir",64,NA,"away","Manchester City Women","TFBB9660","2022-03-13","60635666"
"266","Kerr",92,"Musovic","home","Chelsea Women","TFBB6275","2022-03-13","60635665"
"267","Leon",41,"Svitková","away","West Ham United Women","TFBB636","2022-03-13","60635664"
"268","Blackstenius",27,"Foord","away","Arsenal Women","TFBB6272","2022-03-13","60635663"
"269","Blackstenius",41,NA,"away","Arsenal Women","TFBB6272","2022-03-13","60635663"
"270","Mead",34,"Miedema","away","Arsenal Women","TFBB6272","2022-03-13","60635663"
"271","Rose",16,"Rowe","home","Reading Women","TFBB9669","2022-03-12","60628373"
"272","Galton",5,"Blundell","away","Manchester United Women","TFBB14501","2022-03-12","60628373"
"273","Galton",25,"Russo","away","Manchester United Women","TFBB14501","2022-03-12","60628373"
"274","Russo",43,NA,"away","Manchester United Women","TFBB14501","2022-03-12","60628373"
"275","Duggan",32,"Anvegård","home","Everton Women","TFBB6277","2022-03-12","60628374"
"276","Anvegård",40,NA,"home","Everton Women","TFBB6277","2022-03-12","60628374"
"277","Anvegård",52,NA,"home","Everton Women","TFBB6277","2022-03-12","60628374"
"278","Purfield",5,"Flint","away","Leicester City Women","TFBB12162","2022-03-12","60628374"
"279","Tierney",44,"Plumptre","away","Leicester City Women","TFBB12162","2022-03-12","60628374"
"280","Brynjarsdóttir",48,"Longhurst","home","West Ham United Women","TFBB636","2022-03-10","60597800"
"281","Harder",21,"Andersson","away","Chelsea Women","TFBB6275","2022-03-10","60597800"
"282","Harder",32,"Ji","away","Chelsea Women","TFBB6275","2022-03-10","60597800"
"283","Charles",24,"Harder","away","Chelsea Women","TFBB6275","2022-03-10","60597800"
"284","Kerr",63,NA,"away","Chelsea Women","TFBB6275","2022-03-10","60597800"
"285","Carvalho",14,"Catley","home","Arsenal Women","TFBB6272","2022-03-06","60542785"
"286","Miedema",31,"Blackstenius","home","Arsenal Women","TFBB6272","2022-03-06","60542785"
"287","Mead",71,"Catley","home","Arsenal Women","TFBB6272","2022-03-06","60542785"
"288","Foord",92,"Wälti","home","Arsenal Women","TFBB6272","2022-03-06","60542785"
"289","Smith",76,NA,"away","Birmingham City Women","TFBB6273","2022-03-06","60542785"
"290","Quinn",82,NA,"away","Birmingham City Women","TFBB6273","2022-03-06","60542785"
"291","Le",28,"Connolly","away","Brighton & Hove Albion Women","TFBB9165","2022-03-05","60534456"
"292","Thomas",16,"Batlle","home","Manchester United Women","TFBB14501","2022-03-05","60534455"
"293","Russo",30,"Toone","home","Manchester United Women","TFBB14501","2022-03-05","60534455"
"294","Zelem",59,NA,"home","Manchester United Women","TFBB14501","2022-03-05","60534455"
"295","Zelem",63,NA,"home","Manchester United Women","TFBB14501","2022-03-05","60534455"
"296","Galli",80,"Bennison","away","Everton Women","TFBB6277","2022-03-02","59844543"
"297","Miedema",22,NA,"home","Arsenal Women","TFBB6272","2022-03-02","59925826"
"298","McCabe",24,NA,"home","Arsenal Women","TFBB6272","2022-03-02","59925826"
"299","Williamson",34,"Catley","home","Arsenal Women","TFBB6272","2022-03-02","59925826"
"300","Blackstenius",72,"Miedema","home","Arsenal Women","TFBB6272","2022-03-02","59925826"
"301","Shaw",3,"Stokes","home","Manchester City Women","TFBB9660","2022-04-30","61198613"
"302","Shaw",12,"Bronze","home","Manchester City Women","TFBB9660","2022-04-30","61198613"
"303","Shaw",57,"Walsh","home","Manchester City Women","TFBB9660","2022-04-30","61198613"
"304","Shaw",61,"Hemp","home","Manchester City Women","TFBB9660","2022-04-30","61198613"
"305","Weir",16,NA,"home","Manchester City Women","TFBB9660","2022-04-30","61198613"
"306","Greenwood",68,"Weir","home","Manchester City Women","TFBB9660","2022-04-30","61198613"
"307","Hemp",69,"Weir","home","Manchester City Women","TFBB9660","2022-04-30","61198613"
"308","Kaagman",21,NA,"away","Brighton & Hove Albion Women","TFBB9165","2022-04-30","61198613"
"309","Zigiotti",45,"Lee","away","Brighton & Hove Albion Women","TFBB9165","2022-04-30","61198613"
"310","England",19,"Andersson","home","Chelsea Women","TFBB6275","2022-04-28","59834649"
"311","Kerr",46,"Harder","home","Chelsea Women","TFBB6275","2022-04-28","59834649"
"312","Harrop",44,"Simon","away","Tottenham Hotspur Women","TFBB6924","2022-04-28","59834649"
"313","Weir",16,"Kelly","home","Manchester City Women","TFBB9660","2022-04-24","61131332"
"314","Hemp",43,"White","home","Manchester City Women","TFBB9660","2022-04-24","61131332"
"315","Blakstad",48,"Hemp","home","Manchester City Women","TFBB9660","2022-04-24","61131332"
"316","Greenwood",63,NA,"home","Manchester City Women","TFBB9660","2022-04-24","61131332"
"317","Bryson",95,"Rowe","home","Reading Women","TFBB9669","2022-04-24","61131336"
"318","Snerle",46,"Hasegawa","away","West Ham United Women","TFBB636","2022-04-24","61131336"
"319","Hasegawa",86,"Evans","away","West Ham United Women","TFBB636","2022-04-24","61131336"
"320","Ingle",15,NA,"home","Tottenham Hotspur Women","TFBB6924","2022-04-24","61131328"
"321","Reiten",27,"Ji","away","Chelsea Women","TFBB6275","2022-04-24","61131328"
"322","Kerr",71,"Andersson","away","Chelsea Women","TFBB6275","2022-04-24","61131328"
"323","Fleming",95,NA,"away","Chelsea Women","TFBB6275","2022-04-24","61131328"
"324","Foord",43,"Williamson","away","Arsenal Women","TFBB6272","2022-04-24","61131329"
"325","Mead",67,"Miedema","away","Arsenal Women","TFBB6272","2022-04-24","61131329"
"326","Nobbs",75,"Mead","away","Arsenal Women","TFBB6272","2022-04-24","61131329"
"327","Zigiotti",84,"Symonds","home","Brighton & Hove Albion Women","TFBB9165","2022-04-23","61125037"
"328","Sarri",9,NA,"away","Birmingham City Women","TFBB6273","2022-04-23","61125037"
"329","Quinn",75,"Sarri","away","Birmingham City Women","TFBB6273","2022-04-23","61125037"
"330","Quinn",88,NA,"away","Birmingham City Women","TFBB6273","2022-04-23","61125037"
"331","Galton",68,"Toone","home","Manchester United Women","TFBB14501","2022-04-03","60890364"
"332","Mead",2,"Foord","away","Arsenal Women","TFBB6272","2022-04-03","60890362"
"333","Miedema",67,NA,"away","Arsenal Women","TFBB6272","2022-04-03","60890362"
"334","Miedema",75,"Parris","away","Arsenal Women","TFBB6272","2022-04-03","60890362"
"335","Plumptre",79,NA,"away","Arsenal Women","TFBB6272","2022-04-03","60890362"
"336","Heath",83,NA,"away","Arsenal Women","TFBB6272","2022-04-03","60890362"
"337","Petzelberger",87,"Corsie","away","Aston Villa Women","TFBB9673","2022-04-03","60890365"
"338","Fleming",40,"England","home","Chelsea Women","TFBB6275","2022-04-03","60890363"
"339","England",52,"Reiten","home","Chelsea Women","TFBB6275","2022-04-03","60890363"
"340","England",92,NA,"home","Chelsea Women","TFBB6275","2022-04-03","60890363"
"341","Kerr",66,"Reiten","home","Chelsea Women","TFBB6275","2022-04-03","60890363"
"342","Kerr",77,"Cuthbert","home","Chelsea Women","TFBB6275","2022-04-03","60890363"
"343","Stanway",8,NA,"away","Manchester City Women","TFBB9660","2022-04-02","60883926"
"344","Shaw",63,"Weir","away","Manchester City Women","TFBB9660","2022-04-02","60883926"
"345","Sarri",10,"Pennock","away","Birmingham City Women","TFBB6273","2022-05-08","61288395"
"346","Whelan",52,NA,"home","Brighton & Hove Albion Women","TFBB9165","2022-05-08","61288396"
"347","Björn",46,NA,"away","Everton Women","TFBB6277","2022-05-08","61288396"
"348","Cuthbert",18,NA,"home","Chelsea Women","TFBB6275","2022-05-08","61288394"
"349","Kerr",46,NA,"home","Chelsea Women","TFBB6275","2022-05-08","61288394"
"350","Kerr",66,"Reiten","home","Chelsea Women","TFBB6275","2022-05-08","61288394"
"351","Reiten",51,"Harder","home","Chelsea Women","TFBB6275","2022-05-08","61288394"
"352","Thomas",13,"Zelem","away","Manchester United Women","TFBB14501","2022-05-08","61288394"
"353","Toone",25,"Galton","away","Manchester United Women","TFBB14501","2022-05-08","61288394"
"354","Hemp",33,"Walsh","away","Manchester City Women","TFBB9660","2022-05-08","61288399"
"355","Shaw",40,"Weir","away","Manchester City Women","TFBB9660","2022-05-08","61288399"
"356","White",85,"Losada","away","Manchester City Women","TFBB9660","2022-05-08","61288399"
"357","Greenwood",91,NA,"away","Manchester City Women","TFBB9660","2022-05-08","61288399"
"358","Neville",49,"Naz","home","Tottenham Hotspur Women","TFBB6924","2022-05-08","61288393"
"359","Blackstenius",60,"Miedema","away","Arsenal Women","TFBB6272","2022-05-08","61288397"
"360","Catley",66,"Wälti","away","Arsenal Women","TFBB6272","2022-05-08","61288397"
"361","Stanway",58,"Walsh","home","Manchester City Women","TFBB9660","2022-05-04","60810509"
"362","Stanway",64,NA,"home","Manchester City Women","TFBB9660","2022-05-04","60810509"
"363","Hemp",61,"Kelly","home","Manchester City Women","TFBB9660","2022-05-04","60810509"
"364","Kennedy",76,"Kelly","home","Manchester City Women","TFBB9660","2022-05-04","60810509"
"365","Kelly",83,"Hemp","home","Manchester City Women","TFBB9660","2022-05-04","60810509"
"366","Coombs",87,"Blakstad","home","Manchester City Women","TFBB9660","2022-05-04","60810509"
"367","Mead",4,"Williamson","home","Arsenal Women","TFBB6272","2022-05-04","60803627"
"368","Foord",71,NA,"home","Arsenal Women","TFBB6272","2022-05-04","60803627"
"369","Foord",82,"Mead","home","Arsenal Women","TFBB6272","2022-05-04","60803627"
"370","Thomas",12,"Galton","home","Manchester United Women","TFBB14501","2022-05-01","61205804"
"371","Fisk",20,NA,"home","Manchester United Women","TFBB14501","2022-05-01","61205804"
"372","Galton",49,"Russo","home","Manchester United Women","TFBB14501","2022-05-01","61205804"
"373","Miedema",9,"Mead","home","Arsenal Women","TFBB6272","2022-05-01","61205803"
"374","Miedema",13,"Foord","home","Arsenal Women","TFBB6272","2022-05-01","61205803"
"375","Corsie",52,NA,"home","Arsenal Women","TFBB6272","2022-05-01","61205803"
"376","Mead",61,"McCabe","home","Arsenal Women","TFBB6272","2022-05-01","61205803"
"377","Wubben-Moy",66,NA,"home","Arsenal Women","TFBB6272","2022-05-01","61205803"
"378","Blackstenius",83,"Williamson","home","Arsenal Women","TFBB6272","2022-05-01","61205803"
"379","Parris",90,NA,"home","Arsenal Women","TFBB6272","2022-05-01","61205803"
"380","Harder",71,NA,"away","Chelsea Women","TFBB6275","2022-05-01","61205805"
"381","Turner",85,"Dali","home","Everton Women","TFBB6277","2022-05-01","61205807"
"382","Finnigan",91,NA,"home","Everton Women","TFBB6277","2022-05-01","61205807"
"383","Ale",5,"Summanen","away","Tottenham Hotspur Women","TFBB6924","2022-05-01","61205807"
"384","Green",85,"Naz","away","Tottenham Hotspur Women","TFBB6924","2022-05-01","61205807"
